worker,age,gender,time_zone,display_size,tasks,assignments,completion_time,ishihara_test1,ishihara_test2,engagement,interface,satisfaction,comments
1,36-40,male,America/Denver,32,[4;3],"""['675458981692f78e5f7bf81a', '675458971692f78e5f7bf639']""","12.9697, 11.2631",16,2,Excellent,Good,Excellent,"Just that I think I did pretty poorly on the images of the brown stone building"
2,31-35,male,America/New_York,22,3,"""['675458971692f78e5f7bf621']""","9.5133",16,2,Excellent,Good,Excellent,"none"
3,25-30,female,America/New_York,24,[2;4],"""['675458961692f78e5f7bf3c4', '675458981692f78e5f7bf7ee']""","14.3147, 9.8588",16,2,Excellent,Good,Excellent,"In this survey was easy."
4,18-25,male,America/Los_Angeles,24,[3;2],"""['675458971692f78e5f7bf549', '675458961692f78e5f7bf40c']""","13.8172, 13.688",16,2,Good,Good,Excellent,"[]"
5,36-40,male,America/New_York,22,[2;3],"""['675458961692f78e5f7bf380', '675458971692f78e5f7bf4bd']""","6.4635, 5.9275",16,2,Excellent,Good,Excellent,"no"
6,36-40,male,America/Chicago,22,[2;3],"""['675458961692f78e5f7bf2f4', '675458971692f78e5f7bf655']""","8.7548, 7.7637",16,2,Good,Excellent,Good,"Good task"
7,31-35,male,America/New_York,19,[4;1],"""['675458981692f78e5f7bf722', '675458961692f78e5f7bf243']""","8.111, 7.7981",16,2,Average,Good,Good,"no"
8,18-25,male,America/Los_Angeles,24,[4;5],"""['675458981692f78e5f7bf822', '675458981692f78e5f7bf887']""","58.7801, 11.1187",16,2,Good,Good,Excellent,"[]"
9,18-25,female,America/Los_Angeles,24,[2;3],"""['675458961692f78e5f7bf37c', '675458971692f78e5f7bf53d']""","12.042, 11.1892",16,2,Good,Good,Excellent,"[]"
10,31-35,female,America/New_York,24,[5;4],"""['675458981692f78e5f7bf86b', '675458981692f78e5f7bf806']""","12.1087, 8.5681",16,2,Good,Excellent,Excellent,"[]"
11,31-35,female,America/New_York,13,[1;4],"""['675458961692f78e5f7bf267', '675458981692f78e5f7bf82a']""","8.0417, 6.5648",16,2,Good,Good,Good,"[]"
12,18-25,male,America/Los_Angeles,22,[4;1],"""['675458981692f78e5f7bf73a', '675458961692f78e5f7bf24f']""","11.5881, 8.28",16,2,Excellent,Excellent,Excellent,"Good Task"
13,31-35,male,America/New_York,22,[3;5],"""['675458971692f78e5f7bf641', '675458991692f78e5f7bf9bb']""","9.9785, 11.4284",16,2,Good,Excellent,Excellent,"NONE"
14,31-35,female,Asia/Calcutta,22,2,"""['675458961692f78e5f7bf358']""","5.797",16,2,Average,Average,Fair,"none"
15,41-45,female,Asia/Calcutta,15,2,"""['675458971692f78e5f7bf464']""","23.9013",16,2,[],[],[],"[]"
16,31-35,female,America/New_York,22,1,"""['675458961692f78e5f7bf1f3']""","19.8455",16,2,Good,Excellent,Excellent,"NONE"
17,31-35,female,America/New_York,22,2,"""['675458961692f78e5f7bf2bc']""","10.3293",16,2,Good,Good,Average,"none"
18,25-30,male,America/New_York,24,[3;5],"""['675458971692f78e5f7bf535', '675458981692f78e5f7bf8c7']""","9.8583, 9.8387",16,2,Excellent,Excellent,Excellent,"This assessment test is very helpful and get good knowledge about image quality."
19,31-35,male,Asia/Calcutta,24,[3;4],"""['675458971692f78e5f7bf519', '675458981692f78e5f7bf786']""","13.3358, 11.9036",16,2,Excellent,Excellent,Excellent,"[]"
20,36-40,female,America/New_York,22,3,"""['675458971692f78e5f7bf595']""","10.8189",16,2,Good,Good,Excellent,"None"
21,31-35,male,Asia/Calcutta,22,1,"""['675458961692f78e5f7bf1e7']""","7.9244",16,2,Good,Good,Average,"None"
22,25-30,female,America/Los_Angeles,24,[4;5],"""['675458981692f78e5f7bf6a6', '675458991692f78e5f7bf94f']""","17.0009, 14.6865",16,2,Excellent,Good,Excellent,"The survey was good."
23,51-55,female,America/Chicago,13,[5;3],"""['675458981692f78e5f7bf927', '675458971692f78e5f7bf635']""","8.5846, 8.019",16,2,Excellent,Excellent,Excellent,"Nothing else."
24,56-60,male,America/New_York,23,[4;1],"""['675458971692f78e5f7bf67e', '675458951692f78e5f7bf127']""","17.0023, 14.9278",16,2,Good,Good,Excellent,"[]"
25,25-30,female,America/New_York,24,[4;3],"""['675458981692f78e5f7bf7d2', '675458971692f78e5f7bf5bd']""","10.5297, 10.7045",16,2,Excellent,Excellent,Excellent,"[]"
26,31-35,female,America/Los_Angeles,13,1,"""['675458961692f78e5f7bf1ef']""","7.0259",16,2,Excellent,Good,Excellent,"The image quality assessment test was straightforward"
27,31-35,male,Asia/Calcutta,32,[2;5],"""['675458961692f78e5f7bf398', '675458991692f78e5f7bf96b']""","13.2758, 11.5423",16,2,Excellent,Excellent,Excellent,"nice and enjoyable"
28,31-35,male,America/New_York,22,4,"""['675458981692f78e5f7bf74e']""","8.7751",16,2,Excellent,Excellent,Excellent,"None"
29,46-50,male,Asia/Calcutta,23,[4;3],"""['675458981692f78e5f7bf6c2', '675458971692f78e5f7bf5a5']""","19.4658, 17.7024",16,2,Excellent,Excellent,Excellent,"Enjoyed being part of this experiment. Time to evaluate each pair of image could have been a little bit more"
30,25-30,male,America/Los_Angeles,24,[2;3],"""['675458971692f78e5f7bf46c', '675458971692f78e5f7bf5e9']""","11.0237, 8.9799",16,2,Excellent,Good,Excellent,"Study was good and interesting."
31,25-30,female,America/Los_Angeles,24,[3;2],"""['675458971692f78e5f7bf4ad', '675458961692f78e5f7bf2c4']""","12.6306, 10.797",16,2,Excellent,Excellent,Excellent,"The experiment was good."
32,18-25,male,America/Sao_Paulo,24,[3;5],"""['675458971692f78e5f7bf5cd', '675458981692f78e5f7bf8d7']""","7.3268, 6.2757",16,2,Average,Good,Excellent,"[]"
33,31-35,male,America/New_York,22,5,"""['675458981692f78e5f7bf8b7']""","21.0332",16,2,Excellent,Excellent,Excellent,"None"
34,31-35,female,America/New_York,22,3,"""['675458971692f78e5f7bf50d']""","6.729",16,2,Good,Excellent,Good,"none"
35,31-35,male,America/New_York,22,2,"""['675458961692f78e5f7bf348']""","6.4813",16,2,Good,Good,Excellent,"none"
36,31-35,male,America/New_York,18,[2;5],"""['675458961692f78e5f7bf3f4', '675458991692f78e5f7bf99b']""","12.1141, 12.0842",16,2,Average,Excellent,Average,"[]"
37,25-30,male,Asia/Calcutta,15,[5;1],"""['675458991692f78e5f7bfa13', '675458961692f78e5f7bf1ff']""","9.2674, 7.1463",16,2,Good,Excellent,Excellent,"Good survey: I would like to participate in more surveys like this."
38,31-35,male,America/New_York,24,[4;5],"""['675458981692f78e5f7bf6d2', '675458991692f78e5f7bf973']""","7.9516, 5.5442",16,2,Excellent,Good,Excellent,"no"
39,25-30,female,America/Los_Angeles,24,[3;4],"""['675458971692f78e5f7bf649', '675458971692f78e5f7bf66e']""","13.0066, 12.918",16,2,Good,Excellent,Excellent,"[]"
40,41-45,female,America/Chicago,23,[1;4],"""['675458961692f78e5f7bf273', '675520f91692f78e5f7fecc7']""","10.0607, 8.6698",16,2,Excellent,Excellent,Excellent,"good task"
41,56-60,male,America/New_York,15,[5;1],"""['675458991692f78e5f7bfa0b', '675458961692f78e5f7bf26f']""","19.8199, 14.2603",2,2,Good,Good,Good,"I experienced some foibles in completing the second part of the test"
42,18-25,female,America/Los_Angeles,24,[2;3],"""['675458961692f78e5f7bf3bc', '6755ad991692f78e5f80e469']""","45.4192, 14.1354",16,2,Good,Good,Excellent,"[]"
43,36-40,female,America/New_York,22,3,"""['675458971692f78e5f7bf495']""","9.7476",16,2,Excellent,Good,Excellent,"None"
44,31-35,male,Asia/Calcutta,32,[2;3],"""['675458971692f78e5f7bf474', '675458971692f78e5f7bf571']""","10.922, 9.2462",16,2,Excellent,Excellent,Excellent,"This study is full focus on mind."
45,56-60,female,America/Los_Angeles,27,[3;4],"""['675458971692f78e5f7bf4b1', '675458971692f78e5f7bf686']""","11.3924, 9.1592",16,2,Excellent,Good,Excellent,"Good task"
46,31-35,male,America/New_York,22,4,"""['675458981692f78e5f7bf80a']""","9.9658",16,2,Excellent,Excellent,Excellent,"None"
47,36-40,male,Asia/Calcutta,24,[3;5],"""['675458971692f78e5f7bf5d1', '675458991692f78e5f7bf9c3']""","8.7664, 7.9073",16,2,Excellent,Excellent,Excellent,"good and interest work.."
48,31-35,male,America/New_York,22,2,"""['675458961692f78e5f7bf3e4']""","9.9759",16,2,Average,Good,Good,"None"
49,31-35,female,America/Chicago,13,[1;4],"""['675458951692f78e5f7bf17b', '675458981692f78e5f7bf792']""","9.2246, 8.26",16,2,Excellent,Excellent,Excellent,"Nothing else."
50,36-40,male,America/Phoenix,22,3,"""['67546a291692f78e5f7cb917']""","6.3442",16,2,Good,Good,Excellent,"none"
51,36-40,female,Asia/Calcutta,22,3,"""['675458971692f78e5f7bf4c5']""","6.1697",16,2,Excellent,Good,Excellent,"None"
52,31-35,male,America/New_York,13,[4;3],"""['675458981692f78e5f7bf7b2', '6755247d1692f78e5f7ff1ce']""","8.0685, 6.4216",16,2,Good,Excellent,Good,"Certainly! I found the image quality assessment test to be quite insightful. It highlighted the nuances of how different factors"
53,31-35,male,America/New_York,22,1,"""['675458961692f78e5f7bf233']""","27.1321",16,2,Excellent,Excellent,Excellent,"None"
54,25-30,male,Asia/Calcutta,13.3,[1;3],"""['675458951692f78e5f7bf0ef', '675458971692f78e5f7bf619']""","9.5653, 7.8358",16,2,Average,Average,Good,"[]"
55,31-35,male,America/New_York,13,[2;1],"""['675458961692f78e5f7bf33c', '675458961692f78e5f7bf1f7']""","8.0012, 6.9266",16,2,Good,Good,Average,"I found the image quality assessment test to be quite insightful. It challenged my understanding of various quality metrics and their impact on perceived visual clarity. The hands-on experience helped me refine my ability to evaluate images critically. I also appreciated the diverse range of images used"
56,36-40,female,America/New_York,22,1,"""['675458951692f78e5f7bf113']""","8.2324",16,2,Good,Good,Excellent,"None"
57,31-35,male,Asia/Calcutta,24,[4;2],"""['675458981692f78e5f7bf79a', '675458961692f78e5f7bf370']""","15.1301, 10.9402",16,2,Excellent,Excellent,Excellent,"[]"
58,25-30,female,America/New_York,24,[1;3],"""['675458951692f78e5f7bf153', '675458971692f78e5f7bf605']""","9.5822, 9.8052",16,2,Excellent,Excellent,Excellent,"Those flickers in the images looks very easy and interesting to participate in this test."
59,31-35,female,America/Los_Angeles,13,1,"""['675458961692f78e5f7bf23b']""","7.0805",16,2,Excellent,Good,Excellent,"The image quality assessment test was straightforward"
60,25-30,female,America/New_York,24,[1;3],"""['675458951692f78e5f7bf107', '675458971692f78e5f7bf4e9']""","12.8104, 9.9221",16,2,Excellent,Excellent,Excellent,"[]"
61,36-40,male,America/Sao_Paulo,32,[3;4],"""['675458971692f78e5f7bf541', '675458981692f78e5f7bf6e6']""","9.5188, 8.9107",16,2,Excellent,Excellent,Excellent,"I hope i helped"
62,31-35,female,America/Los_Angeles,27,[2;1],"""['675458971692f78e5f7bf47c', '675458961692f78e5f7bf19f']""","12.9862, 11.8343",16,2,Excellent,Excellent,Excellent,"[]"
63,41-45,female,America/Chicago,22,[5;3],"""['675458981692f78e5f7bf91b', '675458971692f78e5f7bf4dd']""","10.3861, 7.7536",16,2,Excellent,Excellent,Excellent,"Good Task"
64,31-35,male,America/Chicago,27,[5;2],"""['675458981692f78e5f7bf8ab', '675458971692f78e5f7bf454']""","6.1502, 5.8678",16,2,Excellent,Excellent,Excellent,"Good task"
65,25-30,female,America/New_York,13,[3;2],"""['675458971692f78e5f7bf609', '675458971692f78e5f7bf470']""","4.8052, 4.0188",16,2,Excellent,Excellent,Good,"Very nice."
66,31-35,male,America/New_York,22,2,"""['675458961692f78e5f7bf3e8']""","13.8254",16,2,Excellent,Good,Excellent,"none"
67,36-40,female,Asia/Calcutta,22,5,"""['675458991692f78e5f7bf9af']""","7.3256",16,2,Excellent,Good,Excellent,"None"
68,31-35,female,America/New_York,22,5,"""['675458991692f78e5f7bf95f']""","7.5102",16,2,Good,Average,Good,"none"
69,46-50,male,America/Chicago,21,[1;5],"""['675458961692f78e5f7bf25f', '675458981692f78e5f7bf8ff']""","10.787, 8.191",16,2,Excellent,Excellent,Excellent,"good task"
70,31-35,male,Asia/Calcutta,24,[5;2],"""['675458981692f78e5f7bf87f', '675458961692f78e5f7bf41c']""","12.8581, 11.2482",16,2,Excellent,Excellent,Excellent,"[]"
71,36-40,female,America/New_York,22,1,"""['675458951692f78e5f7bf0e3']""","10.6207",16,2,Excellent,Good,Excellent,"None"
72,31-35,male,America/New_York,13,[1;2],"""['675458951692f78e5f7bf173', '675458971692f78e5f7bf460']""","20.7736, 7.1645",16,2,Good,Excellent,Good,"Absolutely! My experience with the image quality assessment test was quite enlightening. It highlighted the nuances of how we perceive image quality"
73,31-35,female,Asia/Calcutta,22,3,"""['675458971692f78e5f7bf4d9']""","6.6567",16,2,Average,Average,Good,"none"
74,31-35,male,America/New_York,22,3,"""['675458971692f78e5f7bf65d']""","8.0608",16,2,Good,Excellent,Good,"none"
75,31-35,male,America/New_York,22,5,"""['675458981692f78e5f7bf933']""","9.7071",16,2,Excellent,Good,Excellent,"none"
76,36-40,male,America/New_York,22,2,"""['675458961692f78e5f7bf304']""","17.0432",16,2,Good,Good,Excellent,"none"
77,31-35,male,America/New_York,22,1,"""['675458951692f78e5f7bf157']""","9.1746",16,2,Good,Good,Excellent,"None"
78,46-50,male,America/Los_Angeles,22,[1;4],"""['675458961692f78e5f7bf28f', '675458981692f78e5f7bf6c6']""","9.1665, 7.668",16,2,Excellent,Excellent,Excellent,"Good Task"
79,31-35,male,America/New_York,22,4,"""['675458981692f78e5f7bf7a6']""","6.421",16,2,Excellent,Good,Good,"none"
80,36-40,male,Asia/Calcutta,22,2,"""['67566ef61692f78e5f834e34']""","6.7873",16,2,Good,Good,Excellent,"none"
81,31-35,male,America/New_York,19,[3;5],"""['675458971692f78e5f7bf591', '675458981692f78e5f7bf90b']""","8.0374, 5.8407",16,2,Good,Good,Excellent,"no"
82,36-40,female,America/New_York,22,1,"""['675458961692f78e5f7bf18f']""","6.7599",16,2,Good,Good,Excellent,"None"
83,18-25,female,America/Los_Angeles,24,[2;4],"""['675458961692f78e5f7bf3d0', '675458981692f78e5f7bf716']""","14.7444, 14.6181",16,2,Good,Excellent,Excellent,"[]"
84,31-35,male,America/New_York,22,4,"""['675458981692f78e5f7bf782']""","9.1298",16,2,Excellent,Excellent,Excellent,"None"
85,31-35,female,America/New_York,22,1,"""['675458951692f78e5f7bf16f']""","10.7028",16,2,Excellent,Good,Excellent,"This task very interesting. "
86,25-30,male,America/Chicago,27,[2;4],"""['675458971692f78e5f7bf44c', '675458981692f78e5f7bf6ee']""","8.9297, 8.3967",16,2,Excellent,Excellent,Excellent,"GOOD TASK"
87,36-40,male,America/New_York,22,5,"""['675458991692f78e5f7bf9a7']""","6.4283",16,2,Excellent,Good,Excellent,"none"
88,25-30,female,America/New_York,24,[5;3],"""['675458981692f78e5f7bf8e7', '675458971692f78e5f7bf661']""","10.6432, 8.9723",16,2,Excellent,Excellent,Excellent,"None"
89,31-35,female,America/New_York,22,[5;3],"""['675458991692f78e5f7bf9c7', '675458971692f78e5f7bf489']""","511.8277, 5.5046",16,2,Good,Good,Excellent,"no"
90,25-30,male,America/New_York,22,[5;3],"""['675458981692f78e5f7bf91f', '675458971692f78e5f7bf615']""","319.0488, 5.8333",16,2,Average,Good,Excellent,"no"
91,31-35,male,Asia/Calcutta,13,[1;2],"""['675458961692f78e5f7bf1cf', '675458961692f78e5f7bf310']""","12.6743, 11.08",16,2,Excellent,Excellent,Excellent,"[]"
92,31-35,male,America/New_York,22,1,"""['675458951692f78e5f7bf137']""","10.1305",16,2,Good,Average,Good,"None"
93,41-45,male,Europe/Rome,17,5,"""['675458981692f78e5f7bf8df']""","16.2196",16,2,Good,Good,Good,"[]"
94,18-25,female,America/New_York,16,3,"""['675458971692f78e5f7bf589']""","6.4151",16,2,Average,Excellent,Good,"[]"
95,18-25,male,America/Chicago,32,[4;2],"""['675458981692f78e5f7bf766', '675458961692f78e5f7bf354']""","10.0911, 7.7286",16,8,Good,Excellent,Good,"good"
96,31-35,female,America/New_York,13,[2;4],"""['675458961692f78e5f7bf344', '675458981692f78e5f7bf75a']""","9.2143, 31.8839",16,2,Good,Good,Good,"good job"
97,31-35,female,America/Chicago,27,[1;3],"""['675458961692f78e5f7bf24b', '675458971692f78e5f7bf4a1']""","11.031, 10.2964",16,2,Excellent,Excellent,Excellent,"good task"
98,25-30,female,Asia/Calcutta,22,4,"""['675458981692f78e5f7bf77e']""","9.1083",16,2,Excellent,Excellent,Excellent,"GOOD"
99,25-30,male,America/Los_Angeles,15,[5;3],"""['675458981692f78e5f7bf8af', '675458971692f78e5f7bf5d9']""","6.5002, 5.8454",16,2,Good,Average,Excellent,"It would have been better if user could use the LEFT and RIGHT arrow keys to select the images."
100,31-35,female,Asia/Calcutta,16,[5;1],"""['675458981692f78e5f7bf92b', '675458961692f78e5f7bf1db']""","10.7609, 9.1322",16,2,Excellent,Excellent,Excellent,"It made me check carefully the entire pictures to identify the difference between the both which is more distorted than the other. I felt it as a good exercise for my eyes. Thank you."
101,18-25,female,America/Chicago,27,[1;5],"""['675458961692f78e5f7bf247', '675458981692f78e5f7bf883']""","8.6286, 6.9119",16,2,Excellent,Excellent,Excellent,"Good Task"
102,36-40,female,America/New_York,22,3,"""['675458971692f78e5f7bf5c1']""","7.7313",16,2,Excellent,Good,Excellent,"Very interesting to the guessing's."
103,36-40,male,America/New_York,24,[4;1],"""['675458971692f78e5f7bf692', '675458961692f78e5f7bf237']""","23.1525, 16.488",16,2,Average,Average,Good,"[]"
104,25-30,female,America/Chicago,21,[3;2],"""['675458971692f78e5f7bf515', '675458961692f78e5f7bf3dc']""","7.7157, 7.5983",16,2,Excellent,Good,Excellent,"GOOD TASK"
105,31-35,male,America/New_York,22,3,"""['675458971692f78e5f7bf4a9']""","8.9885",16,2,Excellent,Good,Excellent,"None"
106,25-30,female,America/New_York,24,[2;4],"""['675458961692f78e5f7bf2d8', '675458981692f78e5f7bf796']""","10.5677, 9.6789",16,2,Excellent,Excellent,Excellent,"Nothing"
107,51-55,female,America/Chicago,22,[3;1],"""['675458971692f78e5f7bf579', '675458961692f78e5f7bf1c3']""","9.4978, 8.7469",16,2,Excellent,Excellent,Excellent,"good task"
108,31-35,female,America/New_York,22,2,"""['675458971692f78e5f7bf444']""","7.0799",16,2,Good,Excellent,Good,"None"
109,31-35,male,America/New_York,22,3,"""['675458971692f78e5f7bf4d1']""","8.6301",16,2,Good,Good,Excellent,"None"
110,31-35,female,America/New_York,22,2,"""['675458961692f78e5f7bf394']""","8.0447",16,2,Average,Average,Fair,"NONE"
111,36-40,female,America/Chicago,13,[3;4],"""['675458971692f78e5f7bf4ed', '675458981692f78e5f7bf70a']""","15.2563, 11.0554",16,2,Average,Good,Excellent,"[]"
112,31-35,male,America/New_York,22,3,"""['675458971692f78e5f7bf565']""","8.5617",16,2,Good,Good,Excellent,"None"
113,31-35,female,America/New_York,22,4,"""['675458981692f78e5f7bf77a']""","11.3732",16,2,Good,Excellent,Good,"None"
114,31-35,male,America/New_York,22,4,"""['675458981692f78e5f7bf73e']""","6.9343",16,2,Excellent,Excellent,Excellent,"NONE"
115,31-35,female,America/Los_Angeles,27,[5;3],"""['675458991692f78e5f7bfa07', '675458971692f78e5f7bf5dd']""","12.0691, 12.5423",16,2,Excellent,Excellent,Excellent,"[]"
116,36-40,male,America/Los_Angeles,22,[2;3],"""['675458961692f78e5f7bf3c8', '675458971692f78e5f7bf49d']""","15.1707, 10.8969",16,2,Good,Excellent,Good,"[]"
117,25-30,female,America/Los_Angeles,24,[5;1],"""['675458981692f78e5f7bf8cf', '675458961692f78e5f7bf1a7']""","14.5673, 10.2402",16,2,Excellent,Excellent,Excellent,"The experiment was good."
118,31-35,male,America/New_York,22,2,"""['675458961692f78e5f7bf31c']""","9.8201",16,2,Good,Good,Excellent,"None"
119,31-35,male,America/New_York,22,3,"""['675458971692f78e5f7bf4c9']""","8.2286",16,2,Good,Excellent,Good,"none"
120,36-40,male,Asia/Dhaka,24,1,"""['675458961692f78e5f7bf1eb']""","8.3176",16,2,Excellent,Good,Good,"[]"
121,31-35,male,America/New_York,22,[4;2],"""['675458981692f78e5f7bf7ce', '675458961692f78e5f7bf32c']""","8.5062, 310.3246",16,2,Good,Good,Excellent,"no"
122,31-35,male,America/New_York,13,[2;1],"""['67559c051692f78e5f80c06f', '675458961692f78e5f7bf293']""","6.5902, 6.4307",16,2,Good,Excellent,Good,"I can certainly share thoughts on image quality assessment! One important aspect is the subjective nature of how we perceive image quality; different people may have varying preferences based on their experiences and what they're looking for in an image. In technical evaluations"
123,36-40,male,America/New_York,22,[3;5],"""['675458971692f78e5f7bf561', '675458991692f78e5f7bf9f7']""","14.6003, 14.1819",16,2,Excellent,Average,Good,"It was when the images were flickering similarly when it was hard to decide. There were times in some images I noticed just a little bit of flicker in on image that I didn't notice in the other. The easiest were when it was a very drastic difference between the flickering in both."
124,31-35,female,America/New_York,22,5,"""['675458981692f78e5f7bf8d3']""","7.4418",16,2,Excellent,Excellent,Good,"NONE"
125,18-25,male,America/Chicago,27,[4;2],"""['675458981692f78e5f7bf7c6', '675458971692f78e5f7bf448']""","10.4274, 27.7576",16,2,Excellent,Excellent,Excellent,"GOOD TASK"
126,56-60,female,America/Chicago,22,[4;1],"""['675458971692f78e5f7bf672', '67559f891692f78e5f80c327']""","9.2882, 7.9344",16,2,Excellent,Excellent,Excellent,"good task"
127,41-45,female,America/Chicago,22,[4;5],"""['675458981692f78e5f7bf7e2', '675458981692f78e5f7bf8f7']""","13.8826, 9.9455",16,2,Good,Good,Good,"[]"
128,36-40,male,America/New_York,13,5,"""['675458991692f78e5f7bf9fb']""","10.2128",16,2,Good,Good,Good,"No"
129,31-35,male,America/New_York,22,4,"""['675458981692f78e5f7bf742']""","9.5695",16,2,Good,Good,Average,"none"
130,31-35,female,America/Los_Angeles,27,[5;4],"""['675458991692f78e5f7bf98f', '675458981692f78e5f7bf83e']""","8.6465, 8.927",16,2,Excellent,Excellent,Excellent,"[]"
131,31-35,male,Asia/Calcutta,15,[1;2],"""['675458961692f78e5f7bf1b3', '675458961692f78e5f7bf2b4']""","8.5228, 6.3354",16,2,Good,Good,Good,"better"
132,31-35,male,Asia/Calcutta,22,2,"""['675458961692f78e5f7bf2cc']""","7.4764",16,2,Good,Average,Good,"None"
133,25-30,male,America/Chicago,13,[1;2],"""['675458951692f78e5f7bf0eb', '675458961692f78e5f7bf3f0']""","14.2365, 12.0003",16,2,Good,Good,Good,"[]"
134,31-35,female,Asia/Calcutta,22,5,"""['675458981692f78e5f7bf903']""","9.0069",16,2,Excellent,Excellent,Good,"None"
135,31-35,male,America/New_York,22,2,"""['675458961692f78e5f7bf330']""","8.7764",16,2,Good,Good,Good,"none"
136,46-50,female,America/New_York,13,[3;5],"""['675458971692f78e5f7bf5e1', '675458981692f78e5f7bf8a3']""","10.9513, 9.8047",16,2,Excellent,Excellent,Excellent,"[]"
137,41-45,female,Asia/Calcutta,24,[3;1],"""['675458971692f78e5f7bf4b9', '675458951692f78e5f7bf13f']""","11.0597, 9.3765",16,2,Good,Good,Good,"[]"
138,31-35,male,America/New_York,22,3,"""['675458971692f78e5f7bf4d5']""","8.8748",16,2,Good,Average,Good,"none"
139,18-25,female,America/New_York,16,[3;4],"""['675458971692f78e5f7bf4e5', '675458981692f78e5f7bf702']""","9.5123, 8.3126",16,2,Good,Average,Good,"[]"
140,25-30,male,America/New_York,24,[3;2],"""['675458971692f78e5f7bf5b1', '675458961692f78e5f7bf360']""","13.7565, 7.1341",16,2,[],[],[],"no"
141,36-40,male,America/Los_Angeles,21,[2;5],"""['675458961692f78e5f7bf374', '675458991692f78e5f7bf9cb']""","7.4893, 6.9161",16,2,Excellent,Good,Excellent,"GOOD TASK"
142,31-35,female,America/New_York,22,4,"""['675458981692f78e5f7bf7de']""","7.1035",16,2,Excellent,Excellent,Excellent,"NONE"
143,51-55,female,Asia/Calcutta,24,[1;5],"""['675458961692f78e5f7bf29b', '675458991692f78e5f7bf97f']""","13.7602, 10.7367",16,2,Excellent,Excellent,Excellent,"The image quality assessment test is interesting."
144,31-35,male,Asia/Calcutta,22,2,"""['675458961692f78e5f7bf418']""","10.9538",16,2,Excellent,Good,Excellent,"none"
145,36-40,male,America/New_York,22,3,"""['675458971692f78e5f7bf4f9']""","6.3264",16,2,Excellent,Good,Excellent,"none"
146,31-35,male,Asia/Calcutta,22,4,"""['675458981692f78e5f7bf7f6']""","6.6811",16,2,Good,Average,Good,"none"
147,31-35,male,America/Los_Angeles,13,[4;1],"""['675458981692f78e5f7bf7e6', '675458951692f78e5f7bf187']""","8.5895, 5.8415",16,2,Excellent,Good,Excellent,"One key takeaway is the importance of subjective perception; what looks good to one person might not to another. This highlights the value of using both objective metrics (like PSNR or SSIM) and subjective assessments (like user studies) to get a comprehensive understanding of image quality."
148,25-30,female,America/New_York,24,[5;3],"""['675458991692f78e5f7bf97b', '675458971692f78e5f7bf60d']""","11.9511, 11.6809",16,2,Excellent,Good,Excellent,"Survey was easy to understand."
149,31-35,male,Asia/Calcutta,27,2,"""['675458961692f78e5f7bf378']""","14.5464",16,2,Excellent,Excellent,Excellent,"[]"
150,36-40,female,Asia/Calcutta,22,1,"""['675458951692f78e5f7bf0d7']""","16.8683",16,2,Excellent,Good,Excellent,"None"
151,25-30,male,America/Chicago,27,[4;2],"""['675458981692f78e5f7bf7a2', '675458971692f78e5f7bf478']""","7.5785, 6.2591",16,2,Excellent,Excellent,Excellent,"Good task"
152,31-35,male,America/New_York,22,3,"""['675458971692f78e5f7bf521']""","7.5366",16,2,Excellent,Excellent,Excellent,"None"
153,31-35,male,America/New_York,22,2,"""['675458961692f78e5f7bf3a8']""","24.2249",16,2,Good,Good,Excellent,"none"
154,31-35,male,Asia/Calcutta,21,[1;4],"""['675458961692f78e5f7bf1b7', '675458981692f78e5f7bf6ea']""","9.9284, 9.6892",16,2,Excellent,Excellent,Excellent,"[]"
155,31-35,male,America/New_York,22,5,"""['675458991692f78e5f7bf9df']""","11.4542",16,2,Good,Excellent,Good,"None"
156,31-35,male,America/New_York,21,[5;3],"""['675458991692f78e5f7bf953', '675458971692f78e5f7bf5ad']""","11.2597, 9.2323",16,2,Excellent,Excellent,Excellent,"all good"
157,36-40,male,America/Los_Angeles,27,[1;3],"""['675458951692f78e5f7bf0c3', '675458971692f78e5f7bf559']""","7.3562, 6.6342",16,2,Excellent,Excellent,Excellent,"good task"
158,31-35,female,America/New_York,19,[2;5],"""['675458971692f78e5f7bf434', '675458981692f78e5f7bf863']""","11.692, 11.9795",16,2,Good,Excellent,Excellent,"[]"
159,31-35,male,America/New_York,24,[3;4],"""['675458971692f78e5f7bf491', '675458971692f78e5f7bf68a']""","8.2432, 7.2289",16,2,Good,Good,Excellent,"no"
160,51-55,male,America/New_York,13,[1;3],"""['675458961692f78e5f7bf277', '675458971692f78e5f7bf555']""","12.6869, 11.7306",16,2,Excellent,Excellent,Excellent,"[]"
161,18-25,female,America/Chicago,15,5,"""['675458981692f78e5f7bf873']""","7.63",16,2,Excellent,Good,Average,"While the image quality assessment test was generally informative"
162,25-30,female,America/Los_Angeles,24,[1;5],"""['675458961692f78e5f7bf20b', '675458981692f78e5f7bf913']""","15.4942, 10.3624",16,2,Excellent,Good,Excellent,"The study was good."
163,31-35,female,America/New_York,22,2,"""['675458971692f78e5f7bf450']""","8.7378",16,2,Good,Average,Good,"None"
164,46-50,male,Asia/Calcutta,16,[5;1],"""['675458991692f78e5f7bf9bf', '675458951692f78e5f7bf163']""","12.9075, 12.6121",16,2,Excellent,Excellent,Excellent,"I would like to do more work like this. Thanks..."
165,31-35,male,America/New_York,22,4,"""['675458981692f78e5f7bf7fa']""","26.3167",16,2,Excellent,Excellent,Excellent,"None"
166,31-35,female,America/New_York,22,1,"""['675458951692f78e5f7bf11b']""","13.3505",16,2,Average,Good,Average,"none"
167,31-35,male,America/New_York,13,[1;5],"""['675458951692f78e5f7bf143', '675458981692f78e5f7bf89b']""","9.5102, 8.5921",16,2,Good,Average,Excellent,"While participating in the image quality assessment test"
168,31-35,male,Asia/Calcutta,24,[5;2],"""['675458981692f78e5f7bf8e3', '675458961692f78e5f7bf2e0']""","11.2938, 10.9366",16,2,Excellent,Excellent,Excellent,"[]"
169,25-30,male,America/Los_Angeles,24,[5;1],"""['675458991692f78e5f7bf9e7', '675458961692f78e5f7bf217']""","13.4315, 12.1635",16,2,Excellent,Good,Excellent,"It's good quality for I choose it's very engaging."
170,31-35,male,America/New_York,22,5,"""['675458981692f78e5f7bf93b']""","18.3765",16,2,Good,Good,Average,"None"
171,31-35,male,America/New_York,22,5,"""['675458981692f78e5f7bf857']""","12.9312",16,2,Good,Good,Average,"none"
172,31-35,female,America/New_York,22,3,"""['675458971692f78e5f7bf4b5']""","8.7404",16,2,Good,Excellent,Good,"none"
173,36-40,male,America/New_York,22,[4;5],"""['675458981692f78e5f7bf752', '675458981692f78e5f7bf897']""","11.1606, 10.6598",16,2,Good,Good,Excellent,"no"
174,25-30,male,America/New_York,24,[5;2],"""['675458981692f78e5f7bf893', '675458961692f78e5f7bf324']""","9.9327, 9.1615",16,2,Excellent,Excellent,Excellent,"Image quality assessment test is very likely to participate and I enjoyed it."
175,25-30,female,America/New_York,24,[3;5],"""['675458971692f78e5f7bf5b5', '675458991692f78e5f7bfa17']""","10.8781, 14.0384",16,2,Good,Excellent,Excellent,"In this survey was very engaged."
176,31-35,male,America/New_York,22,1,"""['675458951692f78e5f7bf17f']""","14.2842",16,2,Good,Good,Good,"None"
177,36-40,male,America/New_York,22,[1;3],"""['675458961692f78e5f7bf1bf', '675458971692f78e5f7bf5a9']""","14.1499, 12.0831",16,2,Excellent,Excellent,Good,"none"
178,31-35,male,Asia/Calcutta,16,[1;3],"""['675458951692f78e5f7bf133', '675458971692f78e5f7bf4fd']""","10.586, 11.5139",16,2,Excellent,Excellent,Excellent,"[]"
179,18-25,female,America/Chicago,32,[1;5],"""['675458961692f78e5f7bf29f', '675458991692f78e5f7bfa0f']""","14.1682, 9.8819",16,8,Excellent,Excellent,Excellent,"No. good!"
180,31-35,male,America/New_York,22,5,"""['675458981692f78e5f7bf8cb']""","9.4542",16,2,Excellent,Excellent,Excellent,"None"
181,31-35,female,America/Indianapolis,24,[1;3],"""['675458961692f78e5f7bf1d3', '675458971692f78e5f7bf62d']""","9.5902, 8.1422",16,2,Good,Excellent,Excellent,"[]"
182,31-35,male,America/New_York,22,[2;5],"""['675458961692f78e5f7bf320', '675458981692f78e5f7bf8bf']""","6.5791, 6.101",16,2,Good,Good,Good,"[]"
183,31-35,female,Asia/Calcutta,22,3,"""['675536111692f78e5f8018cb']""","6.4422",16,2,Average,Good,Average,"none"
184,31-35,female,America/New_York,22,1,"""['675458951692f78e5f7bf14b']""","8.2145",16,2,[],Excellent,Good,"none"
185,25-30,male,America/New_York,24,[3;1],"""['675458971692f78e5f7bf651', '675458961692f78e5f7bf197']""","10.8509, 9.7084",16,2,Excellent,Good,Good,"Experiment was very interesting."
186,18-25,female,America/Los_Angeles,24,[1;5],"""['675458951692f78e5f7bf123', '675528011692f78e5f7ff834']""","14.2504, 11.1748",16,2,Good,Excellent,Excellent,"[]"
187,31-35,male,America/New_York,22,5,"""['675458981692f78e5f7bf85f']""","8.7382",16,2,Excellent,Good,Excellent,"none"
188,31-35,male,Asia/Calcutta,13,[2;4],"""['675458961692f78e5f7bf2f8', '6755c6351692f78e5f810ab3']""","13.4869, 9.1403",16,2,Good,Good,Excellent,"good"
189,31-35,male,Asia/Calcutta,24,[4;3],"""['675458981692f78e5f7bf6ba', '675458971692f78e5f7bf611']""","11.7231, 9.7367",16,2,Excellent,Excellent,Excellent,"[]"
190,25-30,female,America/New_York,24,2,"""['675458961692f78e5f7bf3b0']""","24.0859",16,2,[],[],[],"[]"
191,25-30,male,America/New_York,30,[4;1],"""['675458981692f78e5f7bf7ba', '675458951692f78e5f7bf15f']""","10.8866, 9.5915",16,2,Excellent,Excellent,Excellent,"No. Thank you!"
192,25-30,female,America/New_York,22,1,"""['675458961692f78e5f7bf287']""","6.5708",16,2,Excellent,Excellent,Excellent,"NONE"
193,18-25,female,America/New_York,16,[5;4],"""['675458991692f78e5f7bf9ff', '675458981692f78e5f7bf7d6']""","13.45, 9.7742",16,2,Good,Good,Excellent,"na"
194,31-35,female,America/New_York,22,2,"""['675458961692f78e5f7bf420']""","9.8893",16,2,Excellent,Excellent,Good,"None"
195,18-25,male,America/Chicago,32,[3;4],"""['675458971692f78e5f7bf4f1', '675458981692f78e5f7bf776']""","10.6859, 6.689",16,2,Good,Good,Excellent,"very good quality"
196,31-35,male,Asia/Calcutta,22,4,"""['675458981692f78e5f7bf6f2']""","8.5655",16,2,Excellent,Excellent,Good,"none"
197,31-35,male,America/New_York,22,[2;1],"""['675458961692f78e5f7bf340', '675458951692f78e5f7bf16b']""","8.6241, 6.9815",16,2,Good,Good,Excellent,"none"
198,31-35,female,America/New_York,22,2,"""['675458961692f78e5f7bf390']""","9.5951",16,2,Good,Good,Excellent,"none"
199,25-30,male,America/New_York,24,[1;5],"""['675458961692f78e5f7bf19b', '675458991692f78e5f7bf99f']""","14.5716, 11.5872",16,2,Excellent,Excellent,Excellent,"The Image is good Quality and user friendly."
200,36-40,female,Asia/Calcutta,22,3,"""['675458971692f78e5f7bf645']""","5.9886",16,2,Excellent,Good,Excellent,"None"
201,31-35,male,America/New_York,22,4,"""['675458981692f78e5f7bf80e']""","8.2427",16,2,Good,Excellent,Good,"none"
202,31-35,male,America/New_York,22,5,"""['675458991692f78e5f7bf98b']""","12.0398",16,2,Good,Excellent,Good,"None"
203,25-30,female,America/Los_Angeles,24,[4;5],"""['675458981692f78e5f7bf812', '675458991692f78e5f7bf9eb']""","19.9547, 12.2979",16,2,Excellent,Excellent,Excellent,"The study was good."
204,31-35,male,America/New_York,22,5,"""['675458991692f78e5f7bfa1f']""","8.7025",16,2,Good,Good,Average,"None"
205,18-25,female,America/Los_Angeles,24,3,"""['675458971692f78e5f7bf5fd']""","11.4015",16,2,Good,Good,Excellent,"[]"
206,31-35,male,America/New_York,24,[4;3],"""['675458981692f78e5f7bf762', '675458971692f78e5f7bf631']""","614.0829, 5.5209",16,2,Average,Good,Excellent,"no"
207,31-35,male,America/New_York,22,3,"""['675458971692f78e5f7bf525']""","10.9648",16,2,Excellent,Excellent,Good,"None"
208,41-45,female,Asia/Calcutta,32,[1;2],"""['675458951692f78e5f7bf0fb', '675458961692f78e5f7bf2ec']""","8.4385, 7.4879",16,8,Excellent,Excellent,Excellent,"good hits looking forward for more"
209,41-45,male,Asia/Calcutta,22.9,[5;3],"""['675458991692f78e5f7bf963', '675458971692f78e5f7bf5ed']""","16.6134, 12.9222",16,2,Excellent,Excellent,Excellent,"It was nice experience taking this test."
210,31-35,female,America/Chicago,27,[5;2],"""['675458991692f78e5f7bf977', '675458961692f78e5f7bf2d0']""","11.4205, 8.6558",16,2,Good,Excellent,Good,"Good task"
211,25-30,male,America/New_York,22,[2;5],"""['675458971692f78e5f7bf458', '675458991692f78e5f7bf997']""","630.3071, 5.3619",16,2,Good,Excellent,Good,"no"
212,41-45,male,America/New_York,21,1,"""['675458961692f78e5f7bf1bb']""","9.7564",16,2,Good,Excellent,Excellent,"No issues with task"
213,25-30,female,America/Los_Angeles,22,[3;1],"""['675458971692f78e5f7bf5d5', '675458961692f78e5f7bf21f']""","9.1659, 8.0176",16,2,Excellent,Excellent,Excellent,"Good Task"
214,25-30,female,America/New_York,24,[2;3],"""['6755a6911692f78e5f80d036', '675458971692f78e5f7bf569']""","12.2995, 10.2572",16,2,Excellent,Good,Excellent,"The Images are very clear and user friendly."
215,31-35,male,America/New_York,22,2,"""['675458961692f78e5f7bf2a8']""","8.635",16,2,Good,Excellent,Good,"none"
216,31-35,female,America/New_York,13,[3;5],"""['67546dad1692f78e5f7cc889', '675458991692f78e5f7bf943']""","12.4946, 9.4585",16,2,Excellent,Excellent,Excellent,"[]"
217,31-35,male,America/New_York,13,3,"""['675458971692f78e5f7bf4a5']""","7.6745",16,2,Good,Excellent,Good,"My experience with the image quality assessment test was quite insightful. I found it fascinating to analyze various aspects of image quality"
218,31-35,male,America/New_York,22,2,"""['675458961692f78e5f7bf3ec']""","8.3274",16,2,Excellent,Excellent,Excellent,"None"
219,31-35,male,America/New_York,13,[5;4],"""['675458991692f78e5f7bf9d3', '67551d751692f78e5f7fe581']""","7.226, 6.4589",16,2,Good,Excellent,Excellent,"As someone reflecting on an experience with an image quality assessment test"
220,31-35,male,America/New_York,22,4,"""['675458981692f78e5f7bf83a']""","10.2247",16,2,Average,Good,Good,"None"
221,31-35,female,America/New_York,22,4,"""['675458971692f78e5f7bf68e']""","10.2668",16,2,Excellent,Excellent,Good,"NONE"
222,25-30,female,America/Los_Angeles,24,[5;3],"""['675458981692f78e5f7bf877', '675458971692f78e5f7bf51d']""","13.5682, 10.6115",16,2,Good,Excellent,Excellent,"N/A"
223,31-35,male,America/New_York,22,[2;5],"""['675458961692f78e5f7bf338', '675458981692f78e5f7bf84f']""","8.3015, 5.8117",16,2,Good,Average,Good,"none"
224,31-35,female,America/New_York,22,1,"""['675458951692f78e5f7bf0c7']""","8.4509",16,2,Excellent,Good,Good,"none"
225,31-35,male,America/New_York,22,5,"""['675458981692f78e5f7bf8f3']""","11.2428",16,2,Excellent,Excellent,Excellent,"None"
226,31-35,male,America/New_York,22,5,"""['675458981692f78e5f7bf907']""","8.3805",16,2,Excellent,Good,Good,"NONE"
227,31-35,male,America/New_York,22,4,"""['675458981692f78e5f7bf72e']""","7.7183",16,2,Good,Good,Good,"none"
228,31-35,male,Asia/Calcutta,22,2,"""['675458971692f78e5f7bf42c']""","8.1885",16,2,Excellent,Good,Excellent,"none"
229,31-35,female,Asia/Calcutta,22,3,"""['675458971692f78e5f7bf499']""","8.0616",16,2,Good,Excellent,Good,"none"
230,31-35,male,America/Los_Angeles,24,[4;2],"""['675458981692f78e5f7bf69e', '675458961692f78e5f7bf3f8']""","11.086, 9.5929",16,2,Good,Excellent,Excellent,"nope"
231,31-35,male,America/New_York,22,5,"""['675458991692f78e5f7bf9e3']""","9.2876",16,2,Excellent,Good,Excellent,"None"
232,31-35,male,Asia/Calcutta,14,[1;3],"""['675458961692f78e5f7bf1af', '675458971692f78e5f7bf539']""","15.5127, 13.8778",16,2,Excellent,Excellent,Excellent,"[]"
233,31-35,male,America/New_York,22,1,"""['675458951692f78e5f7bf177']""","13.213",16,2,Good,Good,Average,"None"
234,31-35,male,America/New_York,13,[4;5],"""['675458981692f78e5f7bf6de', '675458981692f78e5f7bf937']""","12.5839",18,2,[],Excellent,Good,"I found the image quality assessment test to be quite enlightening. It provided me with valuable insights into how various factors"
235,31-35,male,Asia/Calcutta,22,2,"""['675458961692f78e5f7bf2c8']""","7.0548",16,2,Good,Average,Good,"none"
236,25-30,female,America/New_York,24,[5;1],"""['675458991692f78e5f7bf957', '675458961692f78e5f7bf28b']""","11.9197, 9.6344",16,2,Excellent,Excellent,Excellent,"Experiment is very unique and interesting and I would like to participate in upcoming studies."
237,25-30,male,America/New_York,24,[2;3],"""['6755d0c11692f78e5f811de9', '675458971692f78e5f7bf529']""","15.2681",16,2,Excellent,Good,Excellent,"The image quality was amazing and conveys easy to understand."
238,36-40,male,America/New_York,22,[2;1],"""['675458961692f78e5f7bf3ac', '675458961692f78e5f7bf213']""","10.9773, 13.0584",16,2,Good,Excellent,Good,"none"
239,41-45,male,America/Los_Angeles,27,[5;1],"""['675458991692f78e5f7bf9d7', '675474b51692f78e5f7ce5d7']""","9.3852, 8.9258",16,2,Excellent,Excellent,Excellent,"GOOD TASK"
240,31-35,female,America/New_York,22,4,"""['675458981692f78e5f7bf71a']""","10.7998",16,2,Excellent,Good,Excellent,"None"
241,51-55,female,America/New_York,31,[2;4],"""['675458961692f78e5f7bf38c', '675458981692f78e5f7bf6f6']""","15.6623, 12.0753",16,2,Excellent,Good,Excellent,"Interesting Experiment."
242,25-30,female,America/Chicago,15,[1;2],"""['675458961692f78e5f7bf223', '675458961692f78e5f7bf2c0']""","14.4508, 9.5077",16,2,Excellent,Good,Good,"While the image quality assessment test was generally informative one aspect that could be improved is the ability to provide more detailed feedback on specific areas of an image where quality issues might be present like highlighting regions with excessive noise or blurriness which could help users better understand where to focus their image optimization efforts"
243,25-30,female,America/New_York,24,[3;2],"""['675458971692f78e5f7bf5c9', '675458961692f78e5f7bf2dc']""","12.9529, 9.8949",16,2,Excellent,Excellent,Excellent,"The image quality looks amazing and very easily understandable."
244,25-30,female,America/New_York,24,[1;4],"""['675458951692f78e5f7bf0df', '6755b4a11692f78e5f80f0d0']""","11.438, 10.5262",16,2,Good,Excellent,Excellent,"Survey was awesome."
245,25-30,female,America/Los_Angeles,24,[1;3],"""['675458961692f78e5f7bf25b', '6755bba91692f78e5f80f490']""","14.7024, 14.2121",16,2,Excellent,Excellent,Good,"It's good and very easy to find."
246,31-35,male,America/Los_Angeles,22,[4;5],"""['675458981692f78e5f7bf7f2', '675458981692f78e5f7bf847']""","13.0004, 8.683",16,2,Excellent,Excellent,Excellent,"good task"
247,36-40,male,Asia/Dhaka,24,[1;4],"""['675458961692f78e5f7bf22b', '675458981692f78e5f7bf732']""","9.6179, 7.8809",16,2,Excellent,Excellent,Excellent,"No"
248,31-35,male,America/New_York,22,5,"""['675458991692f78e5f7bf9b7']""","8.9043",16,2,Good,Excellent,Good,"NONE"
249,36-40,male,America/Los_Angeles,21,[1;5],"""['675458961692f78e5f7bf263', '675519f11692f78e5f7fd337']""","7.778, 6.0573",16,2,Excellent,Excellent,Excellent,"good task"
250,25-30,male,America/New_York,22,[4;5],"""['675458981692f78e5f7bf7be', '675458991692f78e5f7bf967']""","553.265, 5.4693",16,2,Good,Excellent,Good,"no"
251,31-35,male,America/Chicago,18,[5;4],"""['675458981692f78e5f7bf8c3', '675458981692f78e5f7bf6fe']""","14.7464, 10.8391",16,2,Average,Average,Good,"the task was way too long for the pay. very unfair. i also hated the rejection threats. pay your workers."
252,31-35,female,America/Los_Angeles,27,[4;3],"""['675458981692f78e5f7bf772', '675458971692f78e5f7bf56d']""","11.0488, 8.9065",16,2,Excellent,Excellent,Excellent,"[]"
253,25-30,male,America/New_York,30,[2;1],"""['675458961692f78e5f7bf2b0', '675458951692f78e5f7bf10b']""","12.237, 9.6603",16,2,Excellent,Excellent,Excellent,"No. Thank You!"
254,18-25,female,America/Chicago,32,[2;3],"""['675458961692f78e5f7bf424', '675458971692f78e5f7bf48d']""","11.3136, 8.1405",16,8,Excellent,Excellent,Excellent,"No"
255,31-35,male,America/Los_Angeles,13,[3;1],"""['675458971692f78e5f7bf59d', '675458951692f78e5f7bf0db']""","8.8556, 6.4295",16,2,Average,Excellent,Good,"I would say that it was an intriguing experience that highlighted the nuances of visual perception. I found that evaluating image quality involved not just technical aspects"
256,31-35,male,America/New_York,22,5,"""['675458991692f78e5f7bf947']""","8.7104",16,2,Good,Average,Good,"none"
257,41-45,female,America/Chicago,27,[4;2],"""['675458971692f78e5f7bf67a', '675458971692f78e5f7bf45c']""","11.2982, 9.2615",16,2,Excellent,Excellent,Excellent,"good task"
258,25-30,female,America/New_York,24,[4;5],"""['675458981692f78e5f7bf6b6', '675458991692f78e5f7bf9db']""","10.8361, 11.3905",16,2,Good,Excellent,Excellent,"Experiment is very easy to take and I would like to participate in the upcoming experiment. Kindly add more different images in the experiment for making the task more interesting."
259,31-35,female,America/New_York,22,5,"""['675458981692f78e5f7bf8eb']""","8.9378",16,2,Good,Excellent,Good,"none"
260,31-35,female,America/New_York,22,5,"""['675458991692f78e5f7bfa1b']""","6.2865",16,2,Excellent,Good,Good,"none"
261,46-50,male,America/Los_Angeles,27,[4;5],"""['6755b11d1692f78e5f80eb7c', '675458991692f78e5f7bf993']""","10.6609, 9.0647",16,2,Excellent,Excellent,Excellent,"Good task"
262,61-65,female,America/Los_Angeles,27,[5;2],"""['675458981692f78e5f7bf87b', '675458961692f78e5f7bf3a4']""","7.011, 6.3418",16,2,Excellent,Excellent,Excellent,"good task"
263,25-30,male,America/New_York,22,[1;2],"""['675458951692f78e5f7bf103', '675458971692f78e5f7bf480']""","567.2582, 5.5042",16,2,Good,Good,Excellent,"no"
264,31-35,male,America/New_York,13,[4;1],"""['675458981692f78e5f7bf6ae', '675458951692f78e5f7bf0ff']""","8.781, 8.0482",16,2,Good,Excellent,Good,"My experience with the image quality assessment test was quite enlightening. I found it fascinating to see how subtle differences in clarity and color accuracy could significantly impact overall image perception. The process required a keen eye and a deep understanding of visual elements. I appreciated the opportunity to learn about various metrics used to quantify image quality. Overall"
265,31-35,male,America/New_York,22,2,"""['675458961692f78e5f7bf414']""","9.1174",16,2,Good,Good,Average,"None"
266,31-35,male,America/New_York,22,3,"""['675458971692f78e5f7bf5c5']""","8.2275",16,2,Excellent,Good,Excellent,"None"
267,51-55,female,America/Los_Angeles,27,[3;2],"""['675458971692f78e5f7bf55d', '675458961692f78e5f7bf34c']""","14.8645, 12.9661",16,2,Good,Excellent,Excellent,"[]"
268,31-35,male,America/Los_Angeles,13,[5;1],"""['675458981692f78e5f7bf8bb', '675458951692f78e5f7bf167']""","9.6869, 9.0415",16,2,Good,Excellent,Good,"Certainly! I found the image quality assessment test to be quite enlightening. The variety of images presented really challenged my ability to discern subtle differences in quality. It was interesting to see how factors like lighting"
269,18-25,male,America/Chicago,32,[4;2],"""['675458981692f78e5f7bf6be', '675458961692f78e5f7bf300']""","11.8067, 9.0183",16,2,Excellent,Excellent,Excellent,"No"
270,31-35,male,America/New_York,22,2,"""['675458961692f78e5f7bf408']""","9.0239",16,2,Good,Excellent,Good,"NONE"
271,31-35,female,America/New_York,22,5,"""['675458991692f78e5f7bf9cf']""","11.7379",16,2,Good,Excellent,Good,"None"
272,18-25,male,America/Los_Angeles,24,[5;4],"""['675458981692f78e5f7bf867', '675458981692f78e5f7bf7ea']""","14.5878, 12.3588",16,2,Good,Good,Excellent,"[]"
273,31-35,male,America/Los_Angeles,13,[5;1],"""['6755bf2d1692f78e5f80f622', '675458951692f78e5f7bf13b']""","8.9603, 7.6897",16,2,Good,Excellent,Good,"I found the image quality assessment test to be quite enlightening. It really challenged my understanding of what constitutes good image quality. The various metrics used provided a comprehensive view of different aspects"
274,31-35,male,Asia/Calcutta,22,4,"""['675458981692f78e5f7bf6a2']""","8.3297",16,2,Good,Good,Excellent,"none"
275,56-60,male,America/New_York,17,[2;1],"""['675458961692f78e5f7bf388', '675458951692f78e5f7bf0f3']""","16.2732, 14.1368",16,2,Excellent,Good,Excellent,"Some flicker differences were very subtle. This was an enjoyable task."
276,31-35,male,America/New_York,22,[2;3],"""['675458961692f78e5f7bf314', '675458971692f78e5f7bf57d']""","340.2386, 7.7457",16,2,Good,Good,Excellent,"no"
277,25-30,male,America/Los_Angeles,24,[4;5],"""['675458971692f78e5f7bf676', '675458981692f78e5f7bf853']""","12.5667, 9.3236",16,2,Excellent,Excellent,Excellent,"Study was good and interesting."
278,25-30,male,America/New_York,24,[3;2],"""['675458971692f78e5f7bf5b9', '675458961692f78e5f7bf318']""","10.9239, 9.6485",16,2,Excellent,Excellent,[],"[]"
279,25-30,female,America/New_York,24,[5;3],"""['675458991692f78e5f7bf9a3', '6755d4461692f78e5f812740']""","11.505, 10.1751",16,2,Excellent,Good,Excellent,"This test is very interesting."
280,31-35,male,Asia/Calcutta,22,1,"""['675458951692f78e5f7bf0e7']""","7.6224",16,2,Good,Average,Good,"None"
281,31-35,male,Asia/Calcutta,22,4,"""['675458981692f78e5f7bf836']""","10.0189",16,2,Good,Good,Excellent,"None"
282,25-30,female,America/Chicago,21,[4;5],"""['675458981692f78e5f7bf75e', '675458981692f78e5f7bf84b']""","10.2042, 7.792",16,2,Excellent,Excellent,Excellent,"GOOD TASK"
283,36-40,male,Asia/Calcutta,24,[4;5],"""['675458981692f78e5f7bf7da', '675458981692f78e5f7bf8ef']""","17.508, 9.6813",16,2,Excellent,Excellent,Excellent,"It is an interesting experiment. I really enjoyed a lot."
284,31-35,female,America/Los_Angeles,27,[5;1],"""['675458991692f78e5f7bf9ef', '675458951692f78e5f7bf12f']""","11.1141, 11.7314",16,2,Excellent,Excellent,Excellent,"[]"
285,25-30,female,America/Los_Angeles,24,[4;1],"""['675458981692f78e5f7bf7aa', '675458961692f78e5f7bf1c7']""","9.8709, 9.2145",16,2,Excellent,Excellent,Excellent,"Experiment was very good and interesting. "
286,31-35,male,America/New_York,22,1,"""['675458961692f78e5f7bf297']""","7.4421",16,2,Good,Average,Good,"None"
287,31-35,male,America/New_York,22,5,"""['675458981692f78e5f7bf923']""","9.0965",16,2,Good,Good,Excellent,"none"
288,31-35,male,America/New_York,22,5,"""['675458991692f78e5f7bf94b']""","12.5709",16,2,Good,Excellent,Good,"None"
289,25-30,female,America/Los_Angeles,24,[2;5],"""['675458961692f78e5f7bf3cc', '675458991692f78e5f7bf9ab']""","14.9809, 10.159",16,2,Excellent,Excellent,Good,"N/A"
290,56-60,female,America/New_York,15.8,[2;4],"""['675458961692f78e5f7bf3b8', '675458981692f78e5f7bf816']""","13.2123, 10.8314",16,2,Excellent,Excellent,Excellent,"Great task."
291,25-30,male,America/Los_Angeles,24,[2;3],"""['67568e9a1692f78e5f83d35b', '675458971692f78e5f7bf58d']""","9.8483, 10.0001",16,2,Excellent,Excellent,Excellent,"This experiment was good."
292,36-40,female,America/New_York,22,4,"""['675458981692f78e5f7bf832']""","6.9272",16,2,Good,Good,Excellent,"None"
293,25-30,female,America/New_York,24,[4;5],"""['675458971692f78e5f7bf682', '675458981692f78e5f7bf917']""","14.0353, 10.295",16,2,Good,Excellent,Excellent,"Survey was Good."
294,31-35,female,America/Chicago,22,[5;2],"""['675458981692f78e5f7bf85b', '675458961692f78e5f7bf400']""","10.3175, 7.0039",16,2,Good,Excellent,Good,"Good task"
295,31-35,female,America/Denver,26,[4;2],"""['675458981692f78e5f7bf72a', '675458971692f78e5f7bf468']""","11.3116, 9.0878",16,NaN,Excellent,Excellent,Excellent,"I had fun and I was happy to help with this task."
296,31-35,male,Asia/Calcutta,22,3,"""['675458971692f78e5f7bf52d']""","10.2891",16,2,Good,Excellent,Excellent,"None"
297,31-35,male,America/New_York,22,3,"""['675458971692f78e5f7bf64d']""","7.1469",16,2,Good,Good,Good,"none"
298,31-35,male,America/New_York,22,3,"""['675458971692f78e5f7bf505']""","10.3163",16,2,Excellent,Excellent,Excellent,"None"
299,31-35,male,America/Los_Angeles,13,[4;3],"""['675458981692f78e5f7bf6fa', '675458971692f78e5f7bf551']""","12.608, 8.0265",16,2,Good,Good,Excellent,"I found the image quality assessment test to be quite interesting and informative. It really highlighted how subjective perception can be when it comes to visual content. Different people can have varying opinions on what constitutes a ""good"" image based on factors like clarity"
300,25-30,female,America/New_York,24,[3;4],"""['675458971692f78e5f7bf585', '675458981692f78e5f7bf81e']""","11.8052, 9.6697",16,2,Excellent,Good,Excellent,"I like the experiment very much and it is very interesting."
301,31-35,male,America/New_York,22,3,"""['675458971692f78e5f7bf4c1']""","9.1694",16,2,Good,Excellent,Good,"None"
302,66-higher,male,America/New_York,20,3,"""['675458971692f78e5f7bf531']""","14.1465",16,2,Average,Good,Good,"[]"
303,31-35,male,America/New_York,22,3,"""['675458971692f78e5f7bf545']""","7.1057",16,2,Excellent,Excellent,Good,"none"
304,18-25,male,America/Los_Angeles,24,[1;2],"""['675458951692f78e5f7bf183', '675458961692f78e5f7bf308']""","13.98, 12.8125",16,2,Good,Excellent,Excellent,"[]"
305,25-30,female,America/Los_Angeles,27,[5;1],"""['675458991692f78e5f7bf987', '675458961692f78e5f7bf193']""","7.9123, 6.6616",16,2,Excellent,Excellent,Excellent,"Good task"
306,31-35,female,America/Los_Angeles,27,[5;3],"""['675458991692f78e5f7bf96f', '675458971692f78e5f7bf5f1']""","10.0027, 7.7217",16,2,Excellent,Excellent,Excellent,"[]"
307,18-25,female,America/Chicago,22,[4;1],"""['675458981692f78e5f7bf6b2', '675458961692f78e5f7bf1e3']""","8.7271, 8.2958",16,2,Excellent,Excellent,Excellent,"good task"
308,66-higher,female,America/Chicago,18,5,"""['675458991692f78e5f7bf9b3']""","12.9946",16,2,Average,Good,Good,"[]"
309,31-35,male,America/New_York,22,4,"""['675458981692f78e5f7bf6d6']""","9.0129",16,2,Excellent,Good,Excellent,"none"
310,31-35,male,Asia/Calcutta,22,1,"""['675458951692f78e5f7bf11f']""","8.7007",16,2,Average,Good,Good,"None"
311,31-35,male,America/New_York,22,4,"""['675458981692f78e5f7bf74a']""","9.3252",16,2,Average,Good,Good,"None"
312,31-35,male,America/New_York,22,4,"""['675458981692f78e5f7bf6aa']""","10.4455",16,2,Good,Good,Excellent,"none"
313,31-35,male,Asia/Calcutta,15.6,[5;4],"""['675458981692f78e5f7bf8fb', '675458981692f78e5f7bf7ae']""","22.479, 17.3995",16,2,Excellent,Good,Good,"It was hard to determine the difference specifically for the pair of images of a building. And sometimes it took time to register the answer after clicking on the button. This can be problematic. Suppose I click on Left and my answer isn't registered soon"
314,31-35,male,America/New_York,22,2,"""['675458971692f78e5f7bf43c']""","10.57",16,2,Excellent,Excellent,Excellent,"None"
315,18-25,male,America/Los_Angeles,24,[1;4],"""['675458951692f78e5f7bf10f', '675458971692f78e5f7bf666']""","11.4228, 9.7119",16,2,Good,Good,Excellent,"[]"
316,31-35,male,Asia/Calcutta,21,[1;5],"""['675458951692f78e5f7bf147', '675458991692f78e5f7bf983']""","11.0697, 8.702",16,2,Excellent,Excellent,Excellent,"[]"
317,51-55,male,America/Los_Angeles,13,[4;5],"""['675458981692f78e5f7bf6ce', '675458981692f78e5f7bf86f']""","14.0501, 12.656",16,2,Excellent,Excellent,Excellent,"No"
318,31-35,male,America/New_York,22,1,"""['675458951692f78e5f7bf0cf']""","10.6114",16,2,Good,Excellent,Good,"None"
319,31-35,female,Asia/Calcutta,22,2,"""['675458971692f78e5f7bf438']""","8.4278",16,2,Good,Excellent,Good,"none"
320,31-35,male,Asia/Calcutta,32,[5;3],"""['675458981692f78e5f7bf89f', '675458971692f78e5f7bf5e5']""","11.0097, 10.212",16,2,Excellent,Excellent,Excellent,"THANK YOU SO MUCH"
321,31-35,female,America/New_York,22,4,"""['675458981692f78e5f7bf78e']""","7.4378",16,2,Good,Good,Good,"NONE"
322,31-35,male,America/New_York,13,3,"""['6755aa151692f78e5f80dc3f']""","7.4773",16,2,Good,Average,Good,"I found the image quality assessment test to be quite enlightening. It really highlighted how subtle differences in resolution and color can impact overall perception. I appreciated the variety of images we evaluated"
323,31-35,male,America/New_York,22,1,"""['675458961692f78e5f7bf22f']""","9.6556",16,2,Good,Good,Average,"None"
324,31-35,male,America/New_York,13,[4;1],"""['675458971692f78e5f7bf69a', '675458961692f78e5f7bf227']""","7.4415, 6.3779",16,2,Good,Average,Good,"During the image quality assessment test"
325,31-35,male,America/Los_Angeles,13,[4;2],"""['675458981692f78e5f7bf706', '675458961692f78e5f7bf2e8']""","8.9748, 6.148",16,2,Good,Excellent,Excellent,"Image quality assessment is crucial in various fields"
326,31-35,male,America/New_York,22,1,"""['675458961692f78e5f7bf1cb']""","8.0881",16,2,Good,Excellent,Good,"none"
327,46-50,male,America/Los_Angeles,28,[2;1],"""['675458961692f78e5f7bf3fc', '675458961692f78e5f7bf253']""","7.6989, 7.0733",16,2,Excellent,Excellent,Excellent,"[]"
328,31-35,male,America/New_York,22,[2;3],"""['675458961692f78e5f7bf410', '675458971692f78e5f7bf625']""","9.7134, 7.7342",16,2,Good,Good,Good,"no"
329,31-35,male,America/New_York,22,2,"""['675458961692f78e5f7bf2b8']""","10.6172",16,2,Good,Excellent,Good,"none"
330,25-30,female,America/Los_Angeles,27,[2;1],"""['675458961692f78e5f7bf35c', '675458951692f78e5f7bf0cb']""","19.5857, 8.3471",16,2,Good,Excellent,Excellent,"N/A"
331,18-25,male,America/Los_Angeles,24,[4;1],"""['675458981692f78e5f7bf79e', '675458961692f78e5f7bf27f']""","11.6166, 10.8075",16,2,Excellent,Excellent,Excellent,"[]"
332,36-40,male,Asia/Dhaka,24,1,"""['675458961692f78e5f7bf257']""","11.0688",16,2,Good,Average,Good,"[]"
333,31-35,male,America/New_York,22,4,"""['675458981692f78e5f7bf7ca']""","9.5467",16,2,Good,Good,Excellent,"None"
334,31-35,female,America/Los_Angeles,13,3,"""['675458971692f78e5f7bf601']""","9.6373",16,2,Excellent,Good,Excellent,"The image quality assessment test was straightforward"
335,18-25,female,America/Chicago,32,[4;1],"""['675458981692f78e5f7bf70e', '675458951692f78e5f7bf18b']""","9.2414, 7.703",16,2,Excellent,Excellent,Excellent,"No"
336,36-40,male,Asia/Calcutta,17,[2;4],"""['675458961692f78e5f7bf2f0', '675458971692f78e5f7bf696']""","14.9339, 15.8093",16,2,Excellent,Excellent,Excellent,"[]"
337,36-40,male,America/New_York,21,2,"""['675458961692f78e5f7bf36c']""","12.4535",16,2,Excellent,Excellent,Good,"[]"
338,25-30,male,America/New_York,22,[3;5],"""['675458971692f78e5f7bf575', '675458981692f78e5f7bf92f']""","368.8028, 7.9597",16,2,Good,Good,Excellent,"no"
339,31-35,male,America/New_York,22,4,"""['675458981692f78e5f7bf76a']""","8.224",16,2,Good,Average,Good,"none"
340,31-35,female,Asia/Calcutta,22,1,"""['675458961692f78e5f7bf1fb']""","7.2238",16,2,Average,Good,Average,"none"
341,31-35,male,America/New_York,22,3,"""['675458971692f78e5f7bf5f9']""","10.2571",16,2,Excellent,Excellent,Excellent,"Good experience to participate "
342,31-35,female,America/New_York,22,1,"""['675458961692f78e5f7bf283']""","7.2982",16,2,Average,Good,Average,"NONE"
343,18-25,male,America/Los_Angeles,24,2,"""['675458961692f78e5f7bf2ac']""","10.663",16,2,Good,Good,Excellent,"[]"
344,51-55,female,America/Chicago,13,[4;1],"""['675458981692f78e5f7bf6e2', '675458961692f78e5f7bf1a3']""","10.5057, 8.7436",16,2,Excellent,Excellent,Excellent,""
345,36-40,male,Asia/Calcutta,22,3,"""['675458971692f78e5f7bf509']""","6.8946",16,2,Excellent,Excellent,Good,"none"
346,25-30,female,America/New_York,24,[2;5],"""['675458961692f78e5f7bf3a0', '675458991692f78e5f7bf95b']""","10.494, 9.2427",16,2,Excellent,Excellent,Excellent,"None"
347,25-30,female,America/New_York,24,[2;4],"""['675458961692f78e5f7bf2d4', '675458981692f78e5f7bf756']""","10.403, 9.3368",16,2,Excellent,Good,Excellent,"This assessment test is good and image quality is easy to understand."
348,25-30,male,America/Sao_Paulo,24,[1;2],"""['675458961692f78e5f7bf1df', '675458961692f78e5f7bf328']""","11.3396, 8.0519",16,2,Average,Excellent,Excellent,"[]"
349,31-35,female,America/Chicago,27,[4;5],"""['675458971692f78e5f7bf66a', '6755c2b11692f78e5f80ff8f']""","11.5824, 8.9373",16,2,Excellent,Excellent,Excellent,"GOOD TASK"
350,25-30,male,America/New_York,24,[4;1],"""['675458981692f78e5f7bf736', '675458951692f78e5f7bf0d3']""","10.9704, 10.0274",16,2,Excellent,Excellent,Excellent,"This test is very good."
351,31-35,female,America/Los_Angeles,27,[4;2],"""['675458981692f78e5f7bf726', '675458961692f78e5f7bf2a4']""","7.6501, 6.579",16,2,Excellent,Excellent,Excellent,"GOOD TASK"
352,25-30,female,America/New_York,22,1,"""['675458961692f78e5f7bf1ab']""","8.7879",16,2,Average,Good,Average,"none"
353,36-40,female,Asia/Calcutta,22,2,"""['675458961692f78e5f7bf334']""","7.4199",16,2,Good,Good,Excellent,"None"
354,31-35,female,America/New_York,22,2,"""['675458961692f78e5f7bf3e0']""","5.9431",16,2,Good,Average,Good,"None"
355,31-35,male,America/New_York,22,[5;1],"""['675458981692f78e5f7bf8b3', '675458961692f78e5f7bf203']""","9.5251, 5.6625",16,2,Good,Good,Excellent,"no"
356,31-35,male,America/Los_Angeles,13,1,"""['675458961692f78e5f7bf20f']""","6.1927",16,2,Excellent,Good,Excellent,"One key takeaway is the importance of subjective perception; what looks good to one person might not to another. This highlights the value of using both objective metrics (like PSNR or SSIM) and subjective assessments (like user studies) to get a comprehensive understanding of image quality. I also found it interesting how different contexts can affect perceptions of image quality. For instance"
357,31-35,female,America/New_York,22,5,"""['675458981692f78e5f7bf8a7']""","9.0928",16,2,Good,Excellent,Good,"NONE"
358,31-35,male,America/New_York,22,1,"""['675458951692f78e5f7bf14f']""","9.3641",16,2,Excellent,Good,Excellent,"none"
359,31-35,female,America/Los_Angeles,13,[3;4],"""['675458971692f78e5f7bf5a1', '675458981692f78e5f7bf802']""","15.2775, 11.8429",16,2,Excellent,[],Good,"The image quality assessment test was straightforward"
360,31-35,male,America/New_York,22,2,"""['675458961692f78e5f7bf3d8']""","9.1331",16,2,Excellent,Good,Excellent,"none"
361,31-35,female,America/New_York,22,3,"""['675458971692f78e5f7bf485']""","7.392",16,2,Excellent,Good,Good,"none"
362,31-35,male,America/New_York,22,4,"""['675458981692f78e5f7bf6ca']""","10.855",16,2,Good,Average,Good,"None"
363,31-35,male,America/New_York,22,4,"""['675458981692f78e5f7bf78a']""","8.2087",16,2,Good,Average,Good,"the good quality of the a image and easy to understand "
364,25-30,male,America/Los_Angeles,22,[2;4],"""['675458961692f78e5f7bf30c', '675458981692f78e5f7bf7fe']""","8.1311, 8.1937",16,2,Excellent,Excellent,Excellent,"good task"
365,36-40,female,America/New_York,22,2,"""['675458961692f78e5f7bf364']""","7.0212",16,2,Good,Good,Excellent,"None"
366,31-35,female,America/Los_Angeles,27,[5;2],"""['675458991692f78e5f7bf93f', '675458961692f78e5f7bf2e4']""","17.1239, 12.9364",16,2,Excellent,Excellent,Excellent,"[]"
367,25-30,male,America/Los_Angeles,21,[4;1],"""['675458981692f78e5f7bf71e', '675458951692f78e5f7bf117']""","12.5169, 9.2508",16,2,Good,Excellent,Excellent,"good "
368,31-35,female,America/New_York,22,5,"""['675458991692f78e5f7bf9f3']""","8.6592",16,2,Average,Good,Average,"NONE"
369,31-35,female,America/New_York,22,2,"""['675458961692f78e5f7bf3c0']""","10.5782",16,2,Excellent,Good,Excellent,"None"
370,51-55,female,America/Chicago,16,2,"""['675458961692f78e5f7bf384']""","14.3183",16,2,Good,Good,Average,"I wish there was an assessment for the task"
371,25-30,female,America/Los_Angeles,24,[3;5],"""['675458971692f78e5f7bf63d', '675458991692f78e5f7bfa23']""","9.7623, 9.6272",16,2,Excellent,Excellent,Excellent,"This experiment was good."
372,51-55,male,Europe/Athens,32,[4;5],"""['675458981692f78e5f7bf842', '675458991692f78e5f7bfa03']""","13.6929, 13.6914",16,2,Excellent,Good,Excellent,"[]"
373,31-35,female,America/Chicago,27,[2;4],"""['675458961692f78e5f7bf39c', '675458981692f78e5f7bf6da']""","9.8135, 8.6472",16,2,Excellent,Excellent,Good,"GOOD TASK"
374,31-35,female,America/New_York,27,[2;3],"""['675458961692f78e5f7bf3d4', '675458971692f78e5f7bf4cd']""","13.664, 12.3208",16,2,Excellent,Excellent,Excellent,"[]"
375,36-40,male,Asia/Calcutta,31.5,[2;1],"""['675458961692f78e5f7bf3b4', '675458951692f78e5f7bf15b']""","9.5323, 8.7342",16,2,Excellent,Excellent,Excellent,"[]"
376,36-40,male,Asia/Calcutta,22,1,"""['675458961692f78e5f7bf1d7']""","7.3245",16,2,Excellent,Excellent,Good,"none"
377,41-45,male,America/Los_Angeles,17,1,"""['675458951692f78e5f7bf12b']""","13.5828",16,2,Average,Good,Good,"it was fine"
378,36-40,female,America/New_York,22,1,"""['675458961692f78e5f7bf21b']""","6.7534",16,2,Good,Excellent,Excellent,"None"
379,36-40,male,America/New_York,22,[4;1],"""['675458981692f78e5f7bf76e', '675458961692f78e5f7bf26b']""","9.3224, 7.4804",16,2,Excellent,Good,Good,"no"
380,18-25,female,America/Los_Angeles,24,[2;5],"""['675458961692f78e5f7bf2fc', '675458981692f78e5f7bf88f']""","15.4264, 14.9981",16,2,Good,Good,Excellent,"[]"
381,31-35,male,America/Los_Angeles,13,[3;4],"""['675458971692f78e5f7bf4f5', '675458981692f78e5f7bf746']""","10.5988, 9.2285",16,2,Good,Average,Excellent,"I found the image quality assessment test to be quite insightful! It was interesting to see how various factors like resolution"
382,31-35,male,America/Los_Angeles,13,[1;2],"""['675458961692f78e5f7bf27b', '675458961692f78e5f7bf404']""","10.2919, 6.6087",16,2,Excellent,Good,Excellent,"The image quality assessment test was straightforward"
383,66-higher,male,America/Chicago,27,[1;3],"""['675458961692f78e5f7bf23f', '675458971692f78e5f7bf659']""","6.8756, 7.1049",16,2,Excellent,Excellent,Excellent,"Good task"
384,31-35,female,America/New_York,22,2,"""['675458961692f78e5f7bf428']""","9.9369",16,2,Average,Good,Average,"None"
385,31-35,male,America/New_York,13,[4;2],"""['675458981692f78e5f7bf7c2', '6755b8251692f78e5f80f48c']""","7.7431, 6.6576",16,2,Excellent,Excellent,Good,"I appreciate the opportunity to share my thoughts on the image quality assessment test. Overall"
386,41-45,male,America/Chicago,21,[3;4],"""['675458971692f78e5f7bf54d', '675458981692f78e5f7bf7b6']""","7.9422, 8.4307",16,2,Excellent,Excellent,Excellent,"GOOD TASK"
