worker,age,gender,time_zone,country,display_size,tasks,assignments,completion_time_1,completion_time_2,ishihara_test1,ishihara_test2,engagement,interface,satisfaction,comments
1,36-40,male,America/New_York,USA,22,[2;1],"[673cfd6d2b5698efc59df294, 673cfd6d2b5698efc59df1f0]",11.0556,6.0088,16,2,Excellent,Excellent,Good,NO
2,46-50,male,Europe/Rome,Italy,27,2,"[673cfd6d2b5698efc59df2cc]",22.6189,,16,2,Average,Average,Average,
3,31-35,female,America/New_York,USA,22,1,"[673cfd6d2b5698efc59df224]",10.7115,,16,2,Good,Good,Excellent,None
4,36-40,female,America/New_York,USA,13,1,"[673cfd6d2b5698efc59df1c0]",23.3857,,16,2,Excellent,Excellent,Excellent,none
5,25-30,female,America/Los_Angeles,USA,24,1,"[673cfd6d2b5698efc59df1e4]",24.3811,,16,2,,,,
6,51-55,female,America/Chicago,USA,24,[1;2],"[673cfd6d2b5698efc59df240, 673cfd6d2b5698efc59df26c]",13.2401,10.1033,16,2,Excellent,Excellent,Excellent,good task
7,18-25,female,Asia/Calcutta,USA,13,[1;2],"[673cfd6d2b5698efc59df19c, 673cfd6d2b5698efc59df250]",6.7727,7.027,16,2,Excellent,Good,Good,NONE
8,31-35,male,America/New_York,USA,22,2,"[673cfd6d2b5698efc59df2b8]",14.7374,,16,2,Good,Excellent,Good,none
9,31-35,female,America/New_York,USA,22,2,"[673cfd6d2b5698efc59df2ec]",11.3684,,16,2,Excellent,Excellent,Excellent,NONE
10,31-35,male,America/New_York,USA,22,1,"[673cfd6d2b5698efc59df1d0]",23.2017,,16,2,Good,Good,Average,None
11,31-35,male,America/New_York,USA,22,2,"[673cfd6d2b5698efc59df2f8]",17.2881,,16,2,Average,Good,Good,none
12,31-35,female,America/New_York,USA,24,[1;2],"[673cfd6d2b5698efc59df1a8, 673cfd6d2b5698efc59df2e4]",13.177,14.106,16,2,Excellent,Good,Excellent,the image quality assessment test provided a good challenge in identifying subtle differences in image details
13,31-35,female,America/New_York,USA,18,[2;1],"[673cfd6d2b5698efc59df298, 673cfd6d2b5698efc59df234]",38.0234,12.704,16,2,Good,Good,Good,GOOD
14,25-30,male,America/Sao_Paulo,Brazil,13,[2;1],"[673cfd6d2b5698efc59df290, 6758481ef1c1175deac5c909]",9.9767,10.3039,16,2,Average,Average,Good,
15,18-25,female,America/Chicago,USA,24,[1;2],"[673cfd6d2b5698efc59df1b0, 673cfd6d2b5698efc59df270]",13.7331,11.4772,16,2,Excellent,Excellent,Excellent,GOOD TASK
16,31-35,female,America/New_York,USA,22,2,"[673cfd6d2b5698efc59df2dc]",10.1162,,16,2,Good,Average,Good,NONE
17,31-35,male,America/New_York,USA,22,1,"[673cfd6d2b5698efc59df22c]",12.9313,,16,2,Good,Excellent,Good,none
18,25-30,male,America/New_York,USA,24,1,"[673cfd6d2b5698efc59df230]",27.5099,,16,2,Excellent,Excellent,Excellent,
19,31-35,female,America/New_York,USA,22,1,"[673cfd6d2b5698efc59df1cc]",12.8173,,16,2,Excellent,Excellent,Excellent,NONE
20,18-25,female,Asia/Calcutta,USA,13,[2;1],"[673cfd6d2b5698efc59df2fc, 673cfd6d2b5698efc59df180]",12.5576,7.2963,16,2,Excellent,Good,Good,NONE
21,31-35,male,Asia/Calcutta,USA,22,2,"[673cfd6d2b5698efc59df2a0]",32.0785,,16,2,Excellent,Good,Excellent,None
22,46-50,female,America/New_York,USA,13,[1;2],"[673cfd6d2b5698efc59df1c8, 673cfd6d2b5698efc59df29c]",18.2484,13.7895,16,2,Excellent,Excellent,Excellent,
23,31-35,male,America/New_York,USA,22,1,"[673cfd6d2b5698efc59df1d8]",9.062,,16,2,Fair,Average,Fair,
24,25-30,female,America/New_York,USA,24,[2;1],"[673cfd6d2b5698efc59df2a8, 673cfd6d2b5698efc59df1b8]",18.9404,22.6464,16,2,Excellent,Excellent,Excellent,This experiment was good.
25,31-35,female,America/New_York,USA,22,2,"[673cfd6d2b5698efc59df248]",11.988,,16,2,Good,Good,Good,none
26,25-30,female,America/Los_Angeles,USA,24,1,"[6758805ff1c1175deac6555c]",27.8899,,16,2,,,,
27,31-35,female,America/New_York,USA,22,2,"[675859b3f1c1175deac5d484]",11.7313,,16,2,Good,Good,Good,none
28,36-40,male,America/New_York,USA,22,1,"[673cfd6d2b5698efc59df1ec]",13.984,,16,2,Excellent,Good,Excellent,NONE
29,31-35,male,America/New_York,USA,22,[1;2],"[673cfd6d2b5698efc59df208, 673cfd6d2b5698efc59df278]",7.5635,6.8881,16,2,Excellent,Excellent,Excellent,none
30,31-35,male,America/New_York,USA,22,[2;1],"[673f395d7b5f0c2abf380da8, 673cfd6d2b5698efc59df194]",8.8278,6.1988,16,2,Good,Excellent,Excellent,none
31,31-35,male,America/New_York,USA,22,[2;1],"[673cfd6d2b5698efc59df2f4, 673cfd6d2b5698efc59df20c]",9.1184,4.3815,16,2,Good,Good,Good,NONE
32,25-30,female,America/New_York,USA,22,1,"[673cfd6d2b5698efc59df1dc]",34.6964,,16,2,Good,Excellent,Good,None
33,31-35,male,America/New_York,USA,22,2,"[673cfd6d2b5698efc59df284]",8.354,,16,2,Excellent,Good,Excellent,NONE
34,31-35,female,America/New_York,USA,22,2,"[673cfd6d2b5698efc59df2e0]",21.0232,,16,2,Good,Good,Good,None
35,31-35,male,America/New_York,USA,22,1,"[673cfd6d2b5698efc59df218]",17.0691,,16,2,Excellent,Good,Good,NONE
36,25-30,female,America/New_York,USA,24,[1;2],"[673cfd6d2b5698efc59df23c, 673cfd6d2b5698efc59df2f0]",24.3593,20.3932,16,2,Excellent,Good,Excellent,The picture is very quality.
37,31-35,male,America/New_York,USA,24,[2;1],"[673cfd6d2b5698efc59df280, 673cfd6d2b5698efc59df210]",9.2114,5.9547,16,2,Good,Good,Excellent,As a participant in the image quality assessment test
38,31-35,female,Asia/Calcutta,USA,22,2,"[673cfd6d2b5698efc59df274]",10.3819,,16,2,Average,Average,Fair,NONE
39,31-35,male,America/New_York,USA,22,2,"[673cfd6d2b5698efc59df258]",14.8015,,16,2,Good,Good,Excellent,none
40,31-35,female,Asia/Calcutta,USA,22,2,"[673cfd6d2b5698efc59df27c]",10.7203,,16,2,Average,Fair,Average,NONE
41,31-35,female,America/New_York,USA,13,1,"[673cfd6d2b5698efc59df214]",18.9977,,16,2,Excellent,Excellent,Excellent,NONE
42,31-35,male,America/New_York,USA,13,2,"[673cfd6d2b5698efc59df264]",12.9969,,16,2,Excellent,Excellent,Excellent,good
43,31-35,male,America/Los_Angeles,USA,24,[1;2],"[673cfd6d2b5698efc59df1fc, 673cfd6d2b5698efc59df2d4]",13.9741,10.2345,16,2,Good,Good,Good,The experience emphasized the complexity of image quality assessment and the balance between technical evaluation and subjective experience. It was a reminder of how critical it is to consider both aspects when working in fields related to imaging
44,25-30,male,America/New_York,USA,24,[1;2],"[673cfd6d2b5698efc59df1b4, 673cfd6d2b5698efc59df2b4]",3.0943,7.1932,16,2,Good,Good,Excellent,Overall Satisfaction: I found the image quality assessment test to be quite informative and engaging. The variety of images presented allowed for a comprehensive evaluation of different quality aspects.
45,25-30,female,America/New_York,USA,24,[1;2],"[673cfd6d2b5698efc59df21c, 673cfd6d2b5698efc59df2c0]",20.6989,12.2121,16,2,Good,Good,Excellent,It is very difficult for find the image quality but is very challenging for me.
46,31-35,male,America/New_York,USA,22,[2;1],"[673cfd6d2b5698efc59df25c, 673cfd6d2b5698efc59df1e0]",16.0924,11.8738,16,2,Good,Excellent,Good,
47,46-50,female,America/Los_Angeles,USA,13,1,"[673cfd6d2b5698efc59df1c4]",11.085,,16,2,Excellent,Good,Excellent,I AM VERY INTERSTED
48,31-35,male,America/New_York,USA,22,2,"[673cfd6d2b5698efc59df254]",16.4376,,16,2,Excellent,Good,Good,NONE
49,36-40,male,America/New_York,USA,22,2,"[673cfd6d2b5698efc59df2b0]",13.2735,,16,2,Excellent,Excellent,Excellent,NONE
50,31-35,male,America/New_York,USA,24,[1;2],"[673cfd6d2b5698efc59df17c, 673cfd6d2b5698efc59df2c8]",6.2805,6.6186,16,2,Good,Good,Excellent,NOTHING
51,31-35,female,America/New_York,USA,22,1,"[673cfd6d2b5698efc59df1e8]",10.6281,,16,2,Excellent,Good,Good,NONE
52,31-35,female,America/New_York,USA,22,2,"[673cfd6d2b5698efc59df2d0]",15.8282,,16,2,Excellent,Excellent,Excellent,none
53,31-35,male,America/New_York,USA,22,2,"[673cfd6d2b5698efc59df244]",17.5112,,16,2,Excellent,Good,Good,NONE
54,25-30,male,America/Los_Angeles,USA,24,[2;1],"[673cfd6d2b5698efc59df24c, 673cfd6d2b5698efc59df1ac]",21.4685,19.3138,16,2,Excellent,Excellent,Excellent,This experiment was good.
55,31-35,female,America/New_York,USA,22,1,"[673cfd6d2b5698efc59df190]",13.4578,,16,2,Good,Good,Excellent,None
56,31-35,male,America/New_York,USA,22,2,"[673cfd6d2b5698efc59df268]",16.8319,,16,2,Good,Good,Good,NONE
57,31-35,male,Asia/Calcutta,USA,22,2,"[673cfd6d2b5698efc59df2c4]",16.937,,16,2,Excellent,Excellent,Excellent,NONE
58,25-30,female,America/New_York,USA,15,[2;1],"[673cfd6d2b5698efc59df288, 673cfd6d2b5698efc59df1d4]",10.5909,7.1551,16,2,Excellent,Good,Good,Good experience in evaluating the distorted images.
59,31-35,male,America/New_York,USA,22,1,"[673cfd6d2b5698efc59df220]",16.9658,,16,2,Good,Excellent,Good,none
60,25-30,male,Asia/Calcutta,India,14,[2;1],"[673cfd6d2b5698efc59df2bc, 673cfd6d2b5698efc59df1a4]",27.2249,16.648,16,2,Excellent,Excellent,Good,Iloveit
61,31-35,male,America/New_York,USA,22,1,"[673cfd6d2b5698efc59df1a0]",12.2551,,16,2,Excellent,Good,Good,none
62,31-35,male,America/New_York,USA,24,[2;1],"[673cfd6d2b5698efc59df308, 673cfd6d2b5698efc59df238]",13.0279,7.4233,16,2,Good,Good,Good,Good
63,31-35,male,America/New_York,USA,22,1,"[673cfd6d2b5698efc59df1f8]",16.112,,16,2,Good,Excellent,Good,none
64,31-35,female,Asia/Calcutta,USA,22,1,"[673cfd6d2b5698efc59df188]",18.3351,,16,2,Excellent,Good,Excellent,None
65,31-35,male,America/New_York,USA,22,[1;2],"[673cfd6d2b5698efc59df198, 673cfd6d2b5698efc59df2ac]",6.8926,5.4846,16,2,Good,Good,Good,NONE
66,31-35,male,Asia/Calcutta,USA,22,2,"[673cfd6d2b5698efc59df2e8]",20.7709,,16,2,Excellent,Excellent,Good,none
67,36-40,female,Asia/Calcutta,USA,22,1,"[673cfd6d2b5698efc59df204]",15.0248,,16,2,Excellent,Good,Excellent,None
68,31-35,male,America/New_York,USA,22,2,"[673cfd6d2b5698efc59df300]",14.3734,,16,2,Good,Good,Excellent,none
69,31-35,male,America/New_York,USA,22,1,"[673cfd6d2b5698efc59df1f4]",15.514,,16,2,Good,Good,Excellent,NONE
70,31-35,male,America/New_York,USA,22,1,"[675883e3f1c1175deac65561]",37.0583,,16,2,Excellent,Good,Good,NONE
71,31-35,male,America/New_York,USA,22,2,"[673cfd6d2b5698efc59df28c]",19.5721,,16,2,Good,Good,Excellent,none
72,31-35,female,America/New_York,USA,22,2,"[673cfd6d2b5698efc59df2d8]",17.9706,,16,2,Good,Average,Fair,none
73,31-35,male,America/New_York,USA,22,1,"[673cfd6d2b5698efc59df1bc]",17.5369,,16,2,Good,Good,Excellent,none
